id,GEOGRAFICO
10,Temple
10,School
10,Sports Hub 
11,School
11,Sports Hub 
29,School
29,School
29,Cemetery
29,Cemetery
29,Temple
29,School
29,Medical Assistance Center
29,Temple
29,School
29,School
29,Temple
29,Temple
29,Temple
29,Temple
29,Temple
29,Temple
29,Sports Hub 
29,Sports Hub 
29,Sports Hub 
29,Sports Hub 
29,Sports Hub 
29,School
29,Sports Hub 
29,Sports Hub 
29,Sports Hub 
30,Temple
30,Temple
30,School
30,School
30,School
30,School
30,Temple
30,Temple
30,Temple
30,School
30,School
30,School
30,Medical Assistance Center
30,School
30,Temple
30,Temple
30,Temple
30,Temple
30,School
30,School
30,School
30,Temple
30,School
30,Sports Hub 
30,Sports Hub 
30,Square
30,School
30,Sports Hub 
30,Sports Hub 
31,Temple
31,School
31,School
31,Sports Hub 
46,School
46,School
46,Sports Hub 
46,Sports Hub 
47,School
47,School
47,Sports Hub 
47,School
48,School
48,School
48,School
48,School
48,School
48,School
48,Temple
48,School
48,School
48,Temple
48,Medical Assistance Center
48,Temple
48,Temple
48,School
48,Medical Assistance Center
48,School
48,School
48,School
48,School
48,School
48,School
48,School
48,Government Facility
48,School
48,School
48,Medical Assistance Center
48,Temple
48,Temple
48,School
48,Medical Assistance Center
48,School
48,School
48,School
48,School
48,School
48,School
48,Temple
48,School
48,Temple
48,Temple
48,Temple
48,School
48,Mall
48,School
48,School
48,Temple
48,School
48,School
48,Temple
48,Temple
48,Sports Hub 
49,School
49,School
49,Temple
49,Temple
49,School
49,School
49,Medical Assistance Center
49,School
49,School
49,Temple
49,Medical Assistance Center
49,Temple
49,School
49,Temple
49,Temple
49,School
49,Temple
49,School
49,Temple
49,School
49,School
49,Government Facility
49,School
49,Temple
49,School
49,Square
49,School
49,Square
49,Temple
49,Government Facility
49,Temple
49,School
49,School
49,School
49,Medical Assistance Center
49,School
49,Temple
49,Temple
49,Sports Hub 
49,Sports Hub 
49,Sports Hub 
50,Temple
50,Temple
50,School
50,Temple
50,Medical Assistance Center
50,Temple
50,School
50,Temple
50,Temple
50,Sports Hub 
50,Sports Hub 
50,Sports Hub 
65,Temple
65,School
65,School
65,Temple
65,School
65,School
65,School
65,Temple
65,Temple
65,School
65,School
65,School
65,School
65,School
65,Sports Hub 
65,Sports Hub 
65,Sports Hub 
65,School
65,Sports Hub 
65,Sports Hub 
65,Sports Hub 
65,School
65,School
65,Sports Hub 
65,Sports Hub 
65,Sports Hub 
65,Sports Hub 
65,Sports Hub 
65,Sports Hub 
65,Sports Hub 
65,Sports Hub 
65,School
65,Sports Hub 
65,Sports Hub 
65,Sports Hub 
65,Sports Hub 
65,Sports Hub 
66,School
66,School
66,School
66,School
66,School
66,Temple
66,Temple
66,Temple
66,Mall
66,School
66,School
66,School
66,School
66,School
66,School
66,School
66,Square
66,School
66,School
66,School
66,Temple
66,School
66,School
66,Square
66,School
66,School
66,Mall
66,School
66,Sports Hub 
66,Sports Hub 
66,Sports Hub 
66,Sports Hub 
66,Sports Hub 
66,Sports Hub 
66,Sports Hub 
66,Sports Hub 
66,Sports Hub 
66,Sports Hub 
66,Sports Hub 
66,Sports Hub 
66,Sports Hub 
66,School
66,Sports Hub 
66,Sports Hub 
66,Sports Hub 
66,Sports Hub 
67,Medical Assistance Center
67,Medical Assistance Center
67,School
67,School
67,School
67,School
67,School
67,Temple
67,Temple
67,School
67,School
67,School
67,Temple
67,Temple
67,School
67,Temple
67,Temple
67,Mall
67,Temple
67,Medical Assistance Center
67,Medical Assistance Center
67,Medical Assistance Center
67,School
67,School
67,Temple
67,School
67,School
67,School
67,Medical Assistance Center
67,School
67,School
67,School
67,School
67,Temple
67,Temple
67,Temple
67,Temple
67,Medical Assistance Center
67,Medical Assistance Center
67,School
67,School
67,Mall
67,Medical Assistance Center
67,School
67,Sports Hub 
67,Medical Assistance Center
67,Sports Hub 
67,Sports Hub 
67,Sports Hub 
68,School
68,School
68,School
68,Medical Assistance Center
68,School
68,Temple
68,School
68,School
68,School
68,Temple
68,School
68,School
68,Temple
68,Temple
68,School
68,Temple
68,School
68,School
68,School
68,School
68,School
68,School
68,Temple
68,School
68,Temple
68,School
68,School
68,Medical Assistance Center
68,School
68,Mall
68,School
68,Medical Assistance Center
68,Temple
68,Medical Assistance Center
68,Medical Assistance Center
68,School
68,Mall
68,School
68,Medical Assistance Center
68,Sports Hub 
68,School
68,Land Transportation Station
68,Miscellaneous installation
68,Sports Hub 
68,School
69,School
69,Temple
69,School
69,School
69,Temple
69,Temple
69,School
69,Temple
69,Temple
69,Temple
69,Temple
69,School
69,School
69,School
69,Temple
69,School
69,Temple
69,Sports Hub 
69,Sports Hub 
69,School
69,Sports Hub 
69,Electrical Substation
82,Sports Hub 
82,Sports Hub 
82,Sports Hub 
82,Sports Hub 
82,Restriction of Passage to Pedestrians and/or Automobiles
82,Restriction of Passage to Pedestrians and/or Automobiles
82,Miscellaneous installation
82,Sports Hub 
83,Temple
83,School
83,Temple
83,Temple
83,School
83,School
83,School
83,Sports Hub 
83,Sports Hub 
83,Sports Hub 
83,Sports Hub 
83,Sports Hub 
83,Restriction of Passage to Pedestrians and/or Automobiles
83,Restriction of Passage to Pedestrians and/or Automobiles
83,Restriction of Passage to Pedestrians and/or Automobiles
83,Restriction of Passage to Pedestrians and/or Automobiles
83,Cemetery
83,Sports Hub 
84,Temple
84,Temple
84,School
84,School
84,Temple
84,School
84,Temple
84,Temple
84,Temple
84,Temple
84,School
84,School
84,School
84,School
84,Temple
84,Sports Hub 
84,Sports Hub 
84,Sports Hub 
84,Sports Hub 
84,Sports Hub 
84,Sports Hub 
84,Sports Hub 
84,Sports Hub 
84,School
85,School
85,Temple
85,School
85,School
85,School
85,Temple
85,Temple
85,Temple
85,School
85,Temple
85,Temple
85,Temple
85,Mall
85,School
85,School
85,Medical Assistance Center
85,School
85,School
85,School
85,Temple
85,School
85,Temple
85,Temple
85,School
85,Sports Hub 
85,Sports Hub 
85,Sports Hub 
85,School
86,School
86,School
86,School
86,Temple
86,Temple
86,School
86,Temple
86,School
86,School
86,Temple
86,Temple
86,Mall
86,School
86,School
86,Temple
86,School
86,Medical Assistance Center
86,School
86,School
86,School
86,Temple
86,Temple
86,Market
86,Sports Hub 
86,Sports Hub 
86,Sports Hub 
86,Sports Hub 
87,School
87,Temple
87,Temple
87,School
87,School
87,School
87,Mall
87,School
87,School
87,School
87,Temple
87,Medical Assistance Center
87,Medical Assistance Center
87,School
87,School
87,School
87,Mall
87,School
87,School
87,School
87,School
87,Mall
87,School
87,Temple
87,Sports Hub 
87,Sports Hub 
87,Sports Hub 
87,School
87,Sports Hub 
87,Medical Assistance Center
87,Sports Hub 
87,School
87,School
87,Sports Hub 
88,School
88,School
88,Temple
88,Temple
88,Temple
88,Temple
88,School
88,Temple
88,School
88,School
88,Temple
88,Temple
88,School
88,School
88,School
88,School
88,School
88,Cemetery
88,Sports Hub 
88,School
88,School
88,School
88,Sports Hub 
88,School
88,Sports Hub 
88,Sports Hub 
88,Sports Hub 
88,School
88,Sports Hub 
88,Sports Hub 
88,Sports Hub 
89,School
89,Temple
89,School
89,School
89,Temple
89,Temple
89,Temple
89,Temple
89,School
89,Temple
89,School
89,Cemetery
89,Sports Hub 
89,School
89,Sports Hub 
89,Sports Hub 
99,School
99,School
99,School
100,Square
100,Sports Hub 
100,Sports Hub 
100,Sports Hub 
100,Sports Hub 
100,Sports Hub 
100,Sports Hub 
100,Sports Hub 
100,Sports Hub 
100,Sports Hub 
100,Sports Hub 
100,Sports Hub 
100,Sports Hub 
100,Sports Hub 
100,Sports Hub 
100,Sports Hub 
100,Sports Hub 
100,Sports Hub 
100,Sports Hub 
100,Sports Hub 
100,Sports Hub 
100,Sports Hub 
100,Water tank
100,Sports Hub 
100,Sports Hub 
100,Sports Hub 
100,Sports Hub 
100,Sports Hub 
101,Temple
101,School
101,Cemetery
101,School
101,School
101,Cemetery
101,Sports Hub 
101,Sports Hub 
101,Sports Hub 
101,Sports Hub 
101,Sports Hub 
101,Sports Hub 
101,Sports Hub 
101,Restriction of Passage to Pedestrians and/or Automobiles
101,Restriction of Passage to Pedestrians and/or Automobiles
101,Restriction of Passage to Pedestrians and/or Automobiles
101,Restriction of Passage to Pedestrians and/or Automobiles
101,Restriction of Passage to Pedestrians and/or Automobiles
101,Restriction of Passage to Pedestrians and/or Automobiles
101,Miscellaneous installation
101,Sports Hub 
101,Sports Hub 
101,Sports Hub 
101,Sports Hub 
102,School
102,Temple
102,Medical Assistance Center
102,School
102,School
102,School
102,School
102,School
102,Mall
102,Temple
102,School
102,School
102,Sports Hub 
102,Sports Hub 
102,Sports Hub 
102,Sports Hub 
102,Sports Hub 
102,Sports Hub 
102,Sports Hub 
102,Sports Hub 
102,Sports Hub 
102,Sports Hub 
102,Sports Hub 
102,Sports Hub 
102,Sports Hub 
102,Sports Hub 
102,Sports Hub 
102,Sports Hub 
102,Sports Hub 
102,Sports Hub 
102,Sports Hub 
102,Sports Hub 
102,Sports Hub 
102,School
102,Sports Hub 
102,Sports Hub 
102,Restriction of Passage to Pedestrians and/or Automobiles
102,Restriction of Passage to Pedestrians and/or Automobiles
102,Restriction of Passage to Pedestrians and/or Automobiles
102,Restriction of Passage to Pedestrians and/or Automobiles
102,Restriction of Passage to Pedestrians and/or Automobiles
102,Restriction of Passage to Pedestrians and/or Automobiles
102,Well
102,Sports Hub 
102,Sports Hub 
103,Medical Assistance Center
103,Mall
103,Temple
103,School
103,Mall
103,School
103,Sports Hub 
103,Sports Hub 
103,Sports Hub 
103,Sports Hub 
103,Sports Hub 
103,Sports Hub 
103,Sports Hub 
103,Sports Hub 
103,Sports Hub 
103,Sports Hub 
103,Sports Hub 
103,Sports Hub 
103,Sports Hub 
103,Sports Hub 
103,Sports Hub 
103,Sports Hub 
103,Sports Hub 
103,Sports Hub 
103,Sports Hub 
103,Sports Hub 
104,Temple
104,School
104,School
104,School
104,Temple
104,Temple
104,Medical Assistance Center
104,Temple
104,School
104,Sports Hub 
104,Civil aerodrome
105,School
105,School
105,Temple
105,School
105,Temple
105,Temple
105,Temple
105,Temple
105,Mall
105,School
105,Mall
105,Mall
105,School
105,Temple
105,Temple
105,School
105,School
105,School
105,Temple
105,School
105,Temple
105,Temple
105,Temple
105,Temple
105,Temple
105,Temple
105,Temple
105,School
105,School
105,Medical Assistance Center
105,School
105,School
105,Temple
105,Temple
105,Temple
105,Temple
105,Sports Hub 
105,School
105,Sports Hub 
105,Sports Hub 
106,School
106,School
106,School
106,School
106,Mall
106,School
106,School
106,Temple
106,School
106,Mall
106,Mall
106,Temple
106,School
106,Temple
106,School
106,Mall
106,Sports Hub 
106,Sports Hub 
106,Sports Hub 
106,Sports Hub 
106,Sports Hub 
106,Sports Hub 
106,Sports Hub 
106,Sports Hub 
106,Sports Hub 
106,Sports Hub 
106,Sports Hub 
107,School
107,Temple
107,Mall
107,School
107,School
107,School
107,School
107,Mall
107,School
107,School
107,School
107,School
107,Temple
107,School
107,School
107,Temple
107,School
107,School
107,School
107,School
107,Temple
107,Mall
107,School
107,School
107,School
107,Sports Hub 
107,Sports Hub 
107,Sports Hub 
107,Square
107,Sports Hub 
107,School
107,Sports Hub 
107,Sports Hub 
107,Sports Hub 
108,Temple
108,Temple
108,Temple
108,School
108,Temple
108,School
108,School
108,Temple
108,School
108,Temple
108,School
108,Temple
108,School
108,School
108,Temple
108,Temple
108,Temple
108,Temple
108,School
108,Temple
108,School
108,Sports Hub 
108,Sports Hub 
108,Sports Hub 
108,Sports Hub 
108,Sports Hub 
108,Sports Hub 
108,Sports Hub 
108,School
108,Sports Hub 
108,Sports Hub 
108,Sports Hub 
108,Sports Hub 
108,Sports Hub 
108,Sports Hub 
108,Sports Hub 
108,Square
108,Sports Hub 
109,Medical Assistance Center
109,School
109,Temple
109,School
109,School
109,Sports Hub 
109,Sports Hub 
109,School
109,Sports Hub 
109,Temple
109,Sports Hub 
119,Square
119,Square
119,School
119,Sports Hub 
119,Sports Hub 
119,Sports Hub 
119,Sports Hub 
119,Sports Hub 
119,Sports Hub 
119,Sports Hub 
119,Sports Hub 
119,Sports Hub 
119,Sports Hub 
119,Sports Hub 
119,Sports Hub 
119,Restriction of Passage to Pedestrians and/or Automobiles
119,Restriction of Passage to Pedestrians and/or Automobiles
120,School
120,Sports Hub 
120,Sports Hub 
120,Sports Hub 
120,Sports Hub 
120,Sports Hub 
120,Sports Hub 
120,Sports Hub 
120,Sports Hub 
120,Sports Hub 
120,Sports Hub 
120,Sports Hub 
120,Sports Hub 
120,Sports Hub 
120,Sports Hub 
120,Sports Hub 
120,Medical Assistance Center
120,School
120,Restriction of Passage to Pedestrians and/or Automobiles
120,Restriction of Passage to Pedestrians and/or Automobiles
120,Restriction of Passage to Pedestrians and/or Automobiles
120,Restriction of Passage to Pedestrians and/or Automobiles
120,Restriction of Passage to Pedestrians and/or Automobiles
120,Restriction of Passage to Pedestrians and/or Automobiles
120,Restriction of Passage to Pedestrians and/or Automobiles
120,Restriction of Passage to Pedestrians and/or Automobiles
120,Restriction of Passage to Pedestrians and/or Automobiles
121,School
121,Temple
121,School
121,School
121,School
121,Temple
121,School
121,Sports Hub 
121,Sports Hub 
121,Sports Hub 
121,Sports Hub 
121,Sports Hub 
121,Sports Hub 
121,Sports Hub 
121,Restriction of Passage to Pedestrians and/or Automobiles
121,Restriction of Passage to Pedestrians and/or Automobiles
121,Communication Installation
122,Temple
122,School
122,Temple
122,School
122,Sports Hub 
122,Sports Hub 
122,Sports Hub 
122,Sports Hub 
122,Sports Hub 
122,Sports Hub 
122,Sports Hub 
122,Sports Hub 
122,Sports Hub 
122,School
122,Restriction of Passage to Pedestrians and/or Automobiles
122,Restriction of Passage to Pedestrians and/or Automobiles
122,Restriction of Passage to Pedestrians and/or Automobiles
123,School
123,Temple
123,School
123,School
123,Cemetery
123,Urban Infrastructure
123,Urban Infrastructure
123,Sports Hub 
123,Sports Hub 
123,Sports Hub 
123,Cemetery
123,Sports Hub 
123,Sports Hub 
123,Sports Hub 
123,Sports Hub 
123,Sports Hub 
123,Sports Hub 
123,Sports Hub 
123,Sports Hub 
123,Sports Hub 
123,Sports Hub 
123,Sports Hub 
123,Sports Hub 
123,Sports Hub 
123,Sports Hub 
123,Sports Hub 
123,Sports Hub 
123,Sports Hub 
123,Sports Hub 
123,Sports Hub 
123,Sports Hub 
123,Sports Hub 
123,Sports Hub 
124,Temple
124,Temple
124,School
124,Temple
124,School
124,School
124,Temple
124,Temple
124,Temple
124,Temple
124,Temple
124,Temple
124,Temple
124,School
124,School
124,School
124,School
124,School
124,School
124,School
124,School
124,School
124,School
124,School
124,School
124,Temple
124,School
124,Temple
124,School
124,School
124,School
124,Sports Hub 
124,Sports Hub 
124,Sports Hub 
124,Sports Hub 
124,Sports Hub 
124,Sports Hub 
124,Sports Hub 
124,Sports Hub 
124,Sports Hub 
124,Sports Hub 
124,Sports Hub 
124,Sports Hub 
124,Sports Hub 
124,Sports Hub 
124,School
124,School
124,Sports Hub 
124,Sports Hub 
124,Sports Hub 
124,Sports Hub 
124,Sports Hub 
125,School
125,Temple
125,Temple
125,School
125,School
125,Temple
125,School
125,School
125,Mall
125,School
125,Mall
125,School
125,Temple
125,Medical Assistance Center
125,Temple
125,Temple
125,Temple
125,Temple
125,School
125,School
125,School
125,School
125,School
125,School
125,School
125,Square
125,Sports Hub 
125,Sports Hub 
125,Sports Hub 
125,Sports Hub 
125,Sports Hub 
125,Sports Hub 
125,School
125,Sports Hub 
125,Temple
125,Sports Hub 
125,Sports Hub 
125,Sports Hub 
125,Sports Hub 
125,Sports Hub 
125,Sports Hub 
126,Temple
126,School
126,School
126,School
126,School
126,School
126,School
126,School
126,School
126,School
126,School
126,School
126,School
126,Mall
126,School
126,School
126,Mall
126,School
126,School
126,Medical Assistance Center
126,School
126,Temple
126,Temple
126,School
126,Temple
126,Square
126,Sports Hub 
126,Sports Hub 
126,Sports Hub 
126,Sports Hub 
126,Sports Hub 
126,Sports Hub 
126,Sports Hub 
126,Sports Hub 
126,Sports Hub 
126,Sports Hub 
126,Sports Hub 
126,Sports Hub 
126,Sports Hub 
126,School
126,Sports Hub 
126,Sports Hub 
126,Sports Hub 
126,Square
126,Sports Hub 
126,Sports Hub 
126,Sports Hub 
126,Sports Hub 
126,School
126,Sports Hub 
126,Restriction of Passage to Pedestrians and/or Automobiles
126,Restriction of Passage to Pedestrians and/or Automobiles
126,Sports Hub 
127,Temple
127,Temple
127,Temple
127,School
127,School
127,Temple
127,Temple
127,Temple
127,Temple
127,Temple
127,School
127,School
127,School
127,School
127,School
127,School
127,School
127,Temple
127,Temple
127,School
127,Temple
127,Square
127,Square
127,School
127,Sports Hub 
127,Sports Hub 
127,Sports Hub 
127,Sports Hub 
127,Temple
127,Sports Hub 
128,School
128,School
128,Temple
128,Temple
128,Sports Hub 
136,Square
136,Square
136,Square
137,Temple
137,School
137,School
137,Temple
137,Temple
137,Temple
137,Square
137,Restriction of Passage to Pedestrians and/or Automobiles
138,Temple
138,School
138,Temple
138,Temple
138,School
138,Sports Hub 
138,Sports Hub 
138,Sports Hub 
138,Sports Hub 
138,Sports Hub 
138,Sports Hub 
138,Sports Hub 
138,Sports Hub 
138,Sports Hub 
138,Sports Hub 
138,Sports Hub 
138,Sports Hub 
138,Sports Hub 
138,Sports Hub 
138,Sports Hub 
138,Sports Hub 
138,Sports Hub 
138,Sports Hub 
138,Sports Hub 
138,Sports Hub 
138,Sports Hub 
138,Sports Hub 
138,Sports Hub 
138,Sports Hub 
138,Sports Hub 
138,Sports Hub 
138,Sports Hub 
138,Sports Hub 
138,Sports Hub 
138,Sports Hub 
138,Sports Hub 
138,Sports Hub 
138,Sports Hub 
138,Sports Hub 
138,Restriction of Passage to Pedestrians and/or Automobiles
138,Restriction of Passage to Pedestrians and/or Automobiles
138,Restriction of Passage to Pedestrians and/or Automobiles
138,Restriction of Passage to Pedestrians and/or Automobiles
138,Restriction of Passage to Pedestrians and/or Automobiles
138,Restriction of Passage to Pedestrians and/or Automobiles
138,Restriction of Passage to Pedestrians and/or Automobiles
138,Restriction of Passage to Pedestrians and/or Automobiles
138,Restriction of Passage to Pedestrians and/or Automobiles
138,Restriction of Passage to Pedestrians and/or Automobiles
138,Restriction of Passage to Pedestrians and/or Automobiles
138,Restriction of Passage to Pedestrians and/or Automobiles
138,Restriction of Passage to Pedestrians and/or Automobiles
138,Restriction of Passage to Pedestrians and/or Automobiles
138,Restriction of Passage to Pedestrians and/or Automobiles
138,Restriction of Passage to Pedestrians and/or Automobiles
138,Restriction of Passage to Pedestrians and/or Automobiles
138,Restriction of Passage to Pedestrians and/or Automobiles
138,Restriction of Passage to Pedestrians and/or Automobiles
138,Restriction of Passage to Pedestrians and/or Automobiles
138,Restriction of Passage to Pedestrians and/or Automobiles
138,Restriction of Passage to Pedestrians and/or Automobiles
138,Restriction of Passage to Pedestrians and/or Automobiles
138,Restriction of Passage to Pedestrians and/or Automobiles
138,Sports Hub 
138,Well
138,Sports Hub 
138,Sports Hub 
139,School
139,Temple
139,School
139,Sports Hub 
139,Sports Hub 
139,Sports Hub 
139,Sports Hub 
139,Sports Hub 
139,Sports Hub 
139,Sports Hub 
139,Sports Hub 
139,Sports Hub 
139,Sports Hub 
139,Sports Hub 
139,School
139,Sports Hub 
139,Sports Hub 
139,Restriction of Passage to Pedestrians and/or Automobiles
139,Restriction of Passage to Pedestrians and/or Automobiles
139,Restriction of Passage to Pedestrians and/or Automobiles
139,Restriction of Passage to Pedestrians and/or Automobiles
139,Restriction of Passage to Pedestrians and/or Automobiles
139,Sports Hub 
139,Sports Hub 
139,Sports Hub 
139,School
139,Sports Hub 
139,Sports Hub 
139,School
140,Temple
140,Square
140,Square
140,Temple
140,School
140,School
140,Square
140,Square
140,School
140,Sports Hub 
140,Sports Hub 
140,Sports Hub 
140,Sports Hub 
140,Sports Hub 
140,Sports Hub 
140,Sports Hub 
140,Restriction of Passage to Pedestrians and/or Automobiles
140,Restriction of Passage to Pedestrians and/or Automobiles
140,Restriction of Passage to Pedestrians and/or Automobiles
140,Restriction of Passage to Pedestrians and/or Automobiles
140,Restriction of Passage to Pedestrians and/or Automobiles
140,Restriction of Passage to Pedestrians and/or Automobiles
140,Restriction of Passage to Pedestrians and/or Automobiles
140,Restriction of Passage to Pedestrians and/or Automobiles
140,Restriction of Passage to Pedestrians and/or Automobiles
140,Sports Hub 
140,Sports Hub 
140,Sports Hub 
140,Sports Hub 
141,Square
141,Square
141,School
141,School
141,Temple
141,Temple
141,Temple
141,Temple
141,Temple
141,Temple
141,School
141,School
141,Sports Hub 
141,Sports Hub 
141,Sports Hub 
141,Sports Hub 
141,Sports Hub 
141,Sports Hub 
141,Sports Hub 
141,Sports Hub 
141,Sports Hub 
141,Sports Hub 
141,Sports Hub 
141,Sports Hub 
141,Sports Hub 
141,Sports Hub 
141,Sports Hub 
141,Sports Hub 
141,Sports Hub 
141,Sports Hub 
141,Sports Hub 
141,Sports Hub 
141,Sports Hub 
141,Sports Hub 
141,Sports Hub 
141,Sports Hub 
141,Sports Hub 
141,Sports Hub 
141,Sports Hub 
141,Sports Hub 
141,Sports Hub 
141,Sports Hub 
141,Sports Hub 
141,Sports Hub 
141,Sports Hub 
141,Sports Hub 
141,Sports Hub 
141,Restriction of Passage to Pedestrians and/or Automobiles
141,Restriction of Passage to Pedestrians and/or Automobiles
141,Restriction of Passage to Pedestrians and/or Automobiles
141,Sports Hub 
141,Sports Hub 
141,Sports Hub 
141,Sports Hub 
141,Sports Hub 
141,Sports Hub 
141,Sports Hub 
141,Sports Hub 
141,Sports Hub 
141,Sports Hub 
141,Temple
141,Sports Hub 
141,Sports Hub 
141,Sports Hub 
141,Sports Hub 
141,Sports Hub 
141,Sports Hub 
141,Sports Hub 
141,Sports Hub 
141,Sports Hub 
141,Sports Hub 
141,Sports Hub 
141,Sports Hub 
141,Sports Hub 
141,School
141,Sports Hub 
141,Sports Hub 
141,Sports Hub 
141,Sports Hub 
142,School
142,School
142,Temple
142,School
142,Temple
142,Temple
142,Temple
142,School
142,Temple
142,School
142,School
142,School
142,School
142,Temple
142,Urban Infrastructure
142,Urban Infrastructure
142,Urban Infrastructure
142,Urban Infrastructure
142,Urban Infrastructure
142,Urban Infrastructure
142,Urban Infrastructure
142,Urban Infrastructure
142,Urban Infrastructure
142,Urban Infrastructure
142,Urban Infrastructure
142,Urban Infrastructure
142,Sports Hub 
142,Sports Hub 
142,Sports Hub 
142,Sports Hub 
142,Sports Hub 
142,Sports Hub 
142,Sports Hub 
142,Sports Hub 
142,Sports Hub 
142,Sports Hub 
142,Sports Hub 
142,Sports Hub 
142,Sports Hub 
142,Sports Hub 
142,Sports Hub 
142,Sports Hub 
142,Sports Hub 
143,School
143,Temple
143,Temple
143,School
143,School
143,Temple
143,School
143,School
143,School
143,School
143,School
143,Temple
143,Temple
143,Temple
143,Square
143,Temple
143,Sports Hub 
143,Sports Hub 
143,Sports Hub 
143,Sports Hub 
143,Sports Hub 
143,Sports Hub 
143,Sports Hub 
143,Sports Hub 
143,Temple
143,School
143,Sports Hub 
143,Sports Hub 
143,Sports Hub 
143,Sports Hub 
143,Sports Hub 
143,Sports Hub 
143,Sports Hub 
143,Sports Hub 
143,Sports Hub 
143,Sports Hub 
143,School
143,Sports Hub 
143,Sports Hub 
143,Sports Hub 
143,Sports Hub 
143,Sports Hub 
143,Sports Hub 
143,School
143,Sports Hub 
143,Sports Hub 
143,Sports Hub 
143,Sports Hub 
144,Mall
144,Medical Assistance Center
144,Square
144,Sports Hub 
144,School
144,School
144,Miscellaneous installation
144,Sports Hub 
144,Sports Hub 
144,Sports Hub 
144,Sports Hub 
144,Sports Hub 
144,School
145,Temple
145,School
145,School
145,School
145,School
145,School
145,Medical Assistance Center
145,School
145,School
145,Temple
145,School
145,Mall
145,School
145,Sports Hub 
145,Square
145,Sports Hub 
145,Sports Hub 
145,Sports Hub 
145,Sports Hub 
145,Sports Hub 
145,Sports Hub 
145,Sports Hub 
145,Sports Hub 
145,Sports Hub 
145,Sports Hub 
145,Sports Hub 
145,Sports Hub 
145,Sports Hub 
145,Sports Hub 
145,Sports Hub 
145,Sports Hub 
145,Sports Hub 
145,Sports Hub 
145,Sports Hub 
145,Sports Hub 
145,Sports Hub 
145,Temple
145,Sports Hub 
145,Sports Hub 
145,Sports Hub 
145,Sports Hub 
145,Sports Hub 
145,Sports Hub 
145,Sports Hub 
145,Sports Hub 
145,Sports Hub 
145,Sports Hub 
145,Restriction of Passage to Pedestrians and/or Automobiles
145,Restriction of Passage to Pedestrians and/or Automobiles
145,Sports Hub 
145,Sports Hub 
145,Sports Hub 
145,Sports Hub 
145,Sports Hub 
145,Sports Hub 
145,Sports Hub 
146,Temple
146,School
146,School
146,Temple
146,Temple
146,Temple
146,Square
146,School
146,School
146,School
146,Square
146,School
146,School
146,School
146,School
146,School
146,Square
146,Sports Hub 
146,Sports Hub 
146,School
146,Sports Hub 
146,Sports Hub 
146,Civil aerodrome
146,Sports Hub 
146,Sports Hub 
146,Sports Hub 
146,Temple
146,Temple
147,Temple
147,Square
147,Temple
147,School
147,School
147,School
147,Temple
147,School
147,Temple
147,Temple
147,School
147,Temple
147,Temple
147,Sports Hub 
147,School
154,Temple
154,Square
154,School
154,Well
154,Temple
154,School
154,Square
154,Sports Hub 
154,Square
155,Square
155,Square
155,Square
155,Square
155,Square
155,Square
155,Sports Hub 
155,Sports Hub 
155,Sports Hub 
155,Sports Hub 
155,Sports Hub 
155,Sports Hub 
155,Sports Hub 
155,Sports Hub 
155,Sports Hub 
155,Sports Hub 
155,Sports Hub 
155,Sports Hub 
155,Sports Hub 
156,Sports Hub 
156,Sports Hub 
156,Sports Hub 
156,Sports Hub 
156,Sports Hub 
156,Sports Hub 
156,Sports Hub 
156,Sports Hub 
157,Temple
157,Water tank
157,Temple
157,School
157,Well
157,Well
157,Square
157,Square
157,Square
157,Square
157,Sports Hub 
157,Sports Hub 
157,Sports Hub 
157,Sports Hub 
158,Temple
158,School
158,School
158,School
158,Temple
158,School
158,School
158,School
158,Sports Hub 
158,Sports Hub 
158,Square
158,Sports Hub 
158,Sports Hub 
159,Temple
159,School
159,School
159,Temple
159,School
159,Temple
159,Temple
159,Medical Assistance Center
159,School
159,School
159,Temple
159,Square
159,Urban Infrastructure
159,Urban Infrastructure
159,Urban Infrastructure
159,Urban Infrastructure
159,Urban Infrastructure
159,Urban Infrastructure
159,Urban Infrastructure
159,Urban Infrastructure
159,Urban Infrastructure
159,Urban Infrastructure
159,Sports Hub 
159,Sports Hub 
159,Sports Hub 
159,Sports Hub 
159,Sports Hub 
159,Sports Hub 
159,Sports Hub 
159,Sports Hub 
159,Temple
159,Sports Hub 
159,Sports Hub 
159,Sports Hub 
160,Square
160,School
160,Square
160,Urban Infrastructure
160,Urban Infrastructure
160,Urban Infrastructure
160,Urban Infrastructure
160,Urban Infrastructure
160,Sports Hub 
160,Sports Hub 
160,Sports Hub 
160,Well
160,Sports Hub 
160,Sports Hub 
160,Sports Hub 
160,Sports Hub 
160,Temple
160,Sports Hub 
160,Sports Hub 
160,Sports Hub 
160,Sports Hub 
160,Sports Hub 
160,Sports Hub 
160,Sports Hub 
160,Sports Hub 
160,Sports Hub 
160,Sports Hub 
160,Sports Hub 
160,Sports Hub 
160,Sports Hub 
160,Sports Hub 
160,Sports Hub 
160,Sports Hub 
160,Sports Hub 
160,Sports Hub 
160,Sports Hub 
160,Sports Hub 
160,Sports Hub 
160,Sports Hub 
160,Sports Hub 
161,School
161,School
161,School
161,Urban Infrastructure
161,Urban Infrastructure
161,Urban Infrastructure
161,Urban Infrastructure
161,Sports Hub 
161,Sports Hub 
161,Sports Hub 
161,Sports Hub 
161,Sports Hub 
161,Sports Hub 
161,Sports Hub 
161,Sports Hub 
162,Temple
162,School
162,Temple
162,School
162,School
162,School
162,School
162,School
162,Temple
162,Temple
162,School
162,School
162,School
162,School
162,Temple
162,School
162,Sports Hub 
162,Sports Hub 
162,Sports Hub 
162,Sports Hub 
162,Sports Hub 
162,Sports Hub 
162,Sports Hub 
162,Sports Hub 
162,Sports Hub 
162,Sports Hub 
162,Sports Hub 
162,School
162,Sports Hub 
162,Sports Hub 
162,Sports Hub 
162,Sports Hub 
162,Sports Hub 
162,Sports Hub 
162,Sports Hub 
162,Sports Hub 
162,Sports Hub 
162,Sports Hub 
162,Sports Hub 
162,Sports Hub 
162,Sports Hub 
162,Sports Hub 
162,Sports Hub 
162,Sports Hub 
162,Sports Hub 
162,Sports Hub 
162,Sports Hub 
162,Sports Hub 
162,Sports Hub 
162,Sports Hub 
162,Sports Hub 
162,Sports Hub 
162,Water tank
162,School
162,Sports Hub 
163,School
163,Temple
163,Cemetery
163,School
163,School
163,School
163,Temple
163,School
163,School
163,Sports Hub 
163,Sports Hub 
163,Sports Hub 
163,Sports Hub 
163,Sports Hub 
163,Sports Hub 
163,Square
163,School
163,Sports Hub 
163,Electrical Substation
163,Sports Hub 
164,Mall
164,School
164,Temple
164,Temple
164,Temple
164,Temple
164,School
164,Temple
164,Temple
164,Temple
164,Sports Hub 
164,Sports Hub 
164,Sports Hub 
164,Sports Hub 
164,Sports Hub 
164,Sports Hub 
164,Sports Hub 
164,Sports Hub 
164,Sports Hub 
164,Sports Hub 
164,Sports Hub 
164,Sports Hub 
164,Sports Hub 
164,Sports Hub 
164,Temple
164,Sports Hub 
164,Sports Hub 
164,School
164,Restriction of Passage to Pedestrians and/or Automobiles
164,Restriction of Passage to Pedestrians and/or Automobiles
164,Sports Hub 
164,Sports Hub 
164,Sports Hub 
165,School
165,Temple
165,Temple
165,School
165,Urban Infrastructure
165,Urban Infrastructure
165,Urban Infrastructure
165,Urban Infrastructure
165,Urban Infrastructure
165,Urban Infrastructure
165,Urban Infrastructure
165,Urban Infrastructure
165,Urban Infrastructure
165,Urban Infrastructure
165,Urban Infrastructure
165,Urban Infrastructure
165,Urban Infrastructure
165,Urban Infrastructure
165,Urban Infrastructure
165,Urban Infrastructure
165,Urban Infrastructure
165,Urban Infrastructure
165,Sports Hub 
165,Sports Hub 
165,Sports Hub 
165,Sports Hub 
165,Sports Hub 
165,Sports Hub 
165,Sports Hub 
165,Sports Hub 
165,Sports Hub 
165,Sports Hub 
165,Sports Hub 
165,Sports Hub 
165,Sports Hub 
165,Sports Hub 
165,Sports Hub 
165,Sports Hub 
165,Sports Hub 
165,Sports Hub 
165,Sports Hub 
165,Sports Hub 
165,Sports Hub 
165,Sports Hub 
165,Sports Hub 
165,Sports Hub 
165,Sports Hub 
165,Sports Hub 
165,Sports Hub 
165,Sports Hub 
165,Restriction of Passage to Pedestrians and/or Automobiles
165,Sports Hub 
165,Sports Hub 
165,Sports Hub 
165,Sports Hub 
165,Sports Hub 
165,Sports Hub 
165,Sports Hub 
166,School
166,Square
166,Temple
166,School
166,Medical Assistance Center
166,School
166,Square
166,Sports Hub 
166,Sports Hub 
166,Sports Hub 
166,Sports Hub 
166,Sports Hub 
166,Sports Hub 
166,Sports Hub 
166,Sports Hub 
166,Sports Hub 
166,Sports Hub 
166,Communication Installation
166,Miscellaneous installation
176,School
176,School
176,Sports Hub 
176,Temple
176,School
177,Well
177,Communication Installation
177,Water tank
177,School
177,School
177,School
177,Medical Assistance Center
177,Temple
177,Sports Hub 
177,Temple
177,Square
177,Sports Hub 
178,Urban Infrastructure
178,Urban Infrastructure
178,Urban Infrastructure
178,Urban Infrastructure
178,Urban Infrastructure
178,Urban Infrastructure
178,Urban Infrastructure
178,Urban Infrastructure
178,Urban Infrastructure
178,Urban Infrastructure
178,Urban Infrastructure
178,Urban Infrastructure
178,Urban Infrastructure
178,Urban Infrastructure
178,Urban Infrastructure
178,School
179,Urban Infrastructure
179,Sports Hub 
179,Sports Hub 
180,Urban Infrastructure
180,Urban Infrastructure
180,School
180,Sports Hub 
180,Sports Hub 
180,Sports Hub 
180,Sports Hub 
180,Sports Hub 
180,Sports Hub 
180,Restriction of Passage to Pedestrians and/or Automobiles
180,Sports Hub 
180,Sports Hub 
181,Sports Hub 
181,Sports Hub 
181,School
181,Sports Hub 
181,Sports Hub 
181,Sports Hub 
181,Sports Hub 
181,Sports Hub 
181,Sports Hub 
181,Sports Hub 
181,Sports Hub 
181,Sports Hub 
181,Sports Hub 
181,Sports Hub 
181,Sports Hub 
181,Sports Hub 
181,Sports Hub 
181,Sports Hub 
181,Sports Hub 
181,Sports Hub 
181,Sports Hub 
181,Sports Hub 
181,Sports Hub 
181,Sports Hub 
181,Sports Hub 
181,Sports Hub 
181,Sports Hub 
181,Restriction of Passage to Pedestrians and/or Automobiles
181,Restriction of Passage to Pedestrians and/or Automobiles
181,Restriction of Passage to Pedestrians and/or Automobiles
181,Restriction of Passage to Pedestrians and/or Automobiles
181,Restriction of Passage to Pedestrians and/or Automobiles
181,Restriction of Passage to Pedestrians and/or Automobiles
181,Restriction of Passage to Pedestrians and/or Automobiles
181,Restriction of Passage to Pedestrians and/or Automobiles
181,Restriction of Passage to Pedestrians and/or Automobiles
181,Restriction of Passage to Pedestrians and/or Automobiles
181,Restriction of Passage to Pedestrians and/or Automobiles
181,Sports Hub 
181,Communication Installation
181,Installation of Services
181,School
181,Well
181,Sports Hub 
181,Sports Hub 
181,Sports Hub 
181,Sports Hub 
181,Sports Hub 
181,Sports Hub 
181,Sports Hub 
181,Sports Hub 
181,Well
181,Sports Hub 
181,Sports Hub 
181,Sports Hub 
181,Sports Hub 
182,Temple
182,Temple
182,Temple
182,Temple
182,Temple
182,School
182,Temple
182,Medical Assistance Center
182,Sports Hub 
182,Sports Hub 
182,School
182,Square
182,Square
182,Sports Hub 
182,School
182,School
182,School
182,Sports Hub 
182,Sports Hub 
182,Restriction of Passage to Pedestrians and/or Automobiles
182,Restriction of Passage to Pedestrians and/or Automobiles
182,Restriction of Passage to Pedestrians and/or Automobiles
182,Sports Hub 
182,Sports Hub 
182,Sports Hub 
182,Sports Hub 
183,Square
183,School
183,School
183,School
183,School
183,School
183,School
183,School
183,School
183,Temple
183,Temple
183,School
183,Temple
183,School
183,Temple
183,Temple
183,Temple
183,Sports Hub 
183,Sports Hub 
183,Sports Hub 
183,Sports Hub 
183,Sports Hub 
183,Sports Hub 
183,Sports Hub 
183,Sports Hub 
183,Sports Hub 
183,Sports Hub 
183,Sports Hub 
184,Temple
184,Communication Installation
184,Sports Hub 
184,Urban Infrastructure
184,Urban Infrastructure
184,Urban Infrastructure
184,Urban Infrastructure
184,Urban Infrastructure
184,Urban Infrastructure
184,Urban Infrastructure
184,Urban Infrastructure
184,Urban Infrastructure
184,Urban Infrastructure
184,Urban Infrastructure
184,Urban Infrastructure
184,Urban Infrastructure
184,Urban Infrastructure
184,Urban Infrastructure
184,Urban Infrastructure
184,Urban Infrastructure
184,Urban Infrastructure
184,Urban Infrastructure
184,Urban Infrastructure
184,Urban Infrastructure
184,Urban Infrastructure
184,Urban Infrastructure
184,Urban Infrastructure
184,Urban Infrastructure
184,Urban Infrastructure
184,Urban Infrastructure
184,Urban Infrastructure
184,Urban Infrastructure
184,Urban Infrastructure
184,Urban Infrastructure
184,Urban Infrastructure
184,Urban Infrastructure
184,Urban Infrastructure
184,Urban Infrastructure
184,Urban Infrastructure
184,Urban Infrastructure
184,Urban Infrastructure
184,Urban Infrastructure
184,Urban Infrastructure
184,Urban Infrastructure
184,Urban Infrastructure
184,Urban Infrastructure
184,Urban Infrastructure
184,Sports Hub 
184,Square
184,School
184,School
184,Sports Hub 
184,Sports Hub 
184,Sports Hub 
184,Sports Hub 
184,Sports Hub 
184,Sports Hub 
184,Sports Hub 
184,Sports Hub 
184,Sports Hub 
184,Sports Hub 
184,Restriction of Passage to Pedestrians and/or Automobiles
184,Restriction of Passage to Pedestrians and/or Automobiles
184,Restriction of Passage to Pedestrians and/or Automobiles
184,Sports Hub 
184,Sports Hub 
185,Sports Hub 
188,Water tank
196,School
197,School
197,Sports Hub 
197,Sports Hub 
197,Sports Hub 
197,Sports Hub 
197,Sports Hub 
197,Sports Hub 
197,Sports Hub 
197,Sports Hub 
197,Sports Hub 
197,Sports Hub 
197,Sports Hub 
199,School
199,Medical Assistance Center
199,Temple
199,Water tank
199,Communication Installation
199,Temple
199,School
199,Temple
199,Temple
199,Sports Hub 
199,Sports Hub 
199,Square
199,Water tank
199,Sports Hub 
200,School
200,School
200,School
200,Temple
200,Temple
200,Temple
200,Temple
200,School
200,School
200,Temple
200,Temple
200,Medical Assistance Center
200,Sports Hub 
200,Sports Hub 
200,Sports Hub 
200,Square
200,Sports Hub 
200,Sports Hub 
200,Sports Hub 
200,Sports Hub 
200,Sports Hub 
200,Sports Hub 
200,Sports Hub 
200,Sports Hub 
200,Sports Hub 
200,Sports Hub 
200,Sports Hub 
200,Sports Hub 
200,Sports Hub 
200,Sports Hub 
200,School
200,Sports Hub 
200,Sports Hub 
200,Sports Hub 
200,Sports Hub 
200,Sports Hub 
200,Sports Hub 
200,Sports Hub 
200,Sports Hub 
200,Sports Hub 
200,Sports Hub 
200,Sports Hub 
200,Sports Hub 
200,Sports Hub 
200,Sports Hub 
200,Sports Hub 
200,Sports Hub 
200,Sports Hub 
200,Sports Hub 
200,Sports Hub 
200,Sports Hub 
200,Sports Hub 
200,Sports Hub 
200,Sports Hub 
200,Sports Hub 
200,Sports Hub 
200,Sports Hub 
200,Sports Hub 
200,Sports Hub 
200,Sports Hub 
200,Sports Hub 
200,Sports Hub 
200,Restriction of Passage to Pedestrians and/or Automobiles
200,Sports Hub 
200,Sports Hub 
200,Sports Hub 
200,Sports Hub 
200,Sports Hub 
200,Sports Hub 
200,Sports Hub 
200,School
200,Sports Hub 
200,Sports Hub 
201,School
201,School
201,School
201,Temple
201,School
201,School
201,Communication Installation
201,Temple
201,Sports Hub 
201,Water tank
201,Sports Hub 
201,Sports Hub 
201,Sports Hub 
201,Sports Hub 
201,Sports Hub 
201,Sports Hub 
201,Sports Hub 
201,Restriction of Passage to Pedestrians and/or Automobiles
201,Restriction of Passage to Pedestrians and/or Automobiles
201,Restriction of Passage to Pedestrians and/or Automobiles
201,School
201,Communication Installation
201,Sports Hub 
201,Sports Hub 
201,Sports Hub 
202,Sports Hub 
202,Sports Hub 
202,Sports Hub 
202,Sports Hub 
202,Cemetery
202,Sports Hub 
202,Sports Hub 
203,Temple
203,Communication Installation
203,School
203,Temple
203,School
203,Sports Hub 
203,Sports Hub 
203,Sports Hub 
203,Sports Hub 
215,Communication Installation
215,Temple
215,Sports Hub 
216,School
219,School
219,Sports Hub 
219,Sports Hub 
219,Sports Hub 
219,Sports Hub 
219,Sports Hub 
219,Sports Hub 
219,Sports Hub 
219,Sports Hub 
219,Sports Hub 
219,Sports Hub 
219,Sports Hub 
219,Sports Hub 
219,Sports Hub 
219,Sports Hub 
219,Sports Hub 
219,Sports Hub 
219,Sports Hub 
219,Sports Hub 
219,Sports Hub 
219,Sports Hub 
219,Sports Hub 
219,Sports Hub 
219,Sports Hub 
219,Sports Hub 
219,Sports Hub 
219,Sports Hub 
219,Sports Hub 
219,Sports Hub 
219,Sports Hub 
219,Sports Hub 
219,Sports Hub 
219,Sports Hub 
219,Sports Hub 
219,Sports Hub 
219,Sports Hub 
219,Sports Hub 
219,Sports Hub 
219,Temple
219,Sports Hub 
219,Sports Hub 
219,Sports Hub 
219,Sports Hub 
219,Sports Hub 
219,Sports Hub 
219,Sports Hub 
219,Sports Hub 
220,School
220,School
220,School
220,School
220,Sports Hub 
220,Sports Hub 
220,Sports Hub 
220,Sports Hub 
220,Sports Hub 
220,Sports Hub 
220,Sports Hub 
220,Sports Hub 
220,Sports Hub 
220,Sports Hub 
220,Sports Hub 
220,Sports Hub 
220,Sports Hub 
220,Square
220,Sports Hub 
220,Sports Hub 
220,Sports Hub 
220,Sports Hub 
220,Sports Hub 
220,Sports Hub 
220,Sports Hub 
220,Sports Hub 
220,Sports Hub 
220,Sports Hub 
220,Sports Hub 
220,Restriction of Passage to Pedestrians and/or Automobiles
220,Restriction of Passage to Pedestrians and/or Automobiles
220,Restriction of Passage to Pedestrians and/or Automobiles
220,Restriction of Passage to Pedestrians and/or Automobiles
220,Restriction of Passage to Pedestrians and/or Automobiles
221,School
221,Sports Hub 
221,Sports Hub 
221,Sports Hub 
235,Temple
235,School
235,Temple
235,Temple
235,Temple
235,Medical Assistance Center
235,Temple
235,Square
235,School
273,Temple
273,School
273,Sports Hub 
273,Square
273,Temple
274,School
274,Communication Installation
,Medical Assistance Center
,School
,Temple
,Temple
,School
,Water tank
,School
,Medical Assistance Center
,Temple
,Temple
,School
,Water tank
,Sports Hub 
,Temple
,Temple
,Square
,Sports Hub 
,School
,School
,Water tank
,School
,Market
,School
,Temple
,Medical Assistance Center
,Water tank
,Temple
,School
,Temple
,Temple
,Medical Assistance Center
,Water tank
,Medical Assistance Center
,School
,Medical Assistance Center
,School
,Market
,Sports Hub 
,Sports Hub 
,School
,Water tank
,Temple
,School
,School
,School
,Temple
,Sports Hub 
,School
,Cemetery
,Water tank
,Water tank
,Water tank
,Temple